variant,digit_count,n,n_viable,rate,ci_lo,ci_hi
V1,1,367,0,0.0,0.0,0.01035876310299899
V1,2,426,20,0.046948356807511735,0.030594574174461667,0.07139991221355874
V1,3,377,11,0.029177718832891247,0.016369023395855397,0.05148456297762993
V1,4,417,6,0.014388489208633094,0.006610616827235571,0.0310317268360669
V1,5,413,2,0.004842615012106538,0.0013290258004018743,0.017482583877001058
V1s,1,367,0,0.0,0.0,0.01035876310299899
V1s,2,426,32,0.07511737089201878,0.053709184261511195,0.10411984183295353
V1s,3,377,13,0.034482758620689655,0.02026076241127442,0.058095882143918115
V1s,4,417,13,0.03117505995203837,0.01830780576126488,0.05260122231861479
V1s,5,413,3,0.007263922518159807,0.0024734022432660336,0.0211361946728782
V2s,1,367,0,0.0,0.0,0.01035876310299899
V2s,2,426,34,0.07981220657276995,0.05767436802181122,0.10946041469039422
V2s,3,377,27,0.07161803713527852,0.04968395243844152,0.10219409938870148
V2s,4,417,26,0.06235011990407674,0.04290128534360571,0.08978872808134591
V2s,5,413,13,0.031476997578692496,0.018485993615404317,0.05310347568815299
V3,1,367,0,0.0,0.0,0.01035876310299899
V3,2,426,68,0.1596244131455399,0.1279087112425341,0.19742393397126362
V3,3,377,64,0.16976127320954906,0.13524064667782412,0.21094398151090218
V3,4,417,28,0.0671462829736211,0.04686166280336322,0.0953331175977533
V3,5,413,7,0.01694915254237288,0.008233893251327156,0.03456765261978231
V3s,1,367,0,0.0,0.0,0.01035876310299899
V3s,2,426,73,0.17136150234741784,0.1385544338391368,0.21004260291901272
V3s,3,377,66,0.17506631299734748,0.1400364831946164,0.21665120317581718
V3s,4,417,36,0.08633093525179857,0.06300971066755368,0.11720413763822252
V3s,5,413,12,0.029055690072639227,0.01669776097446128,0.05009372109035472
